Quelle 	 Schlüsselwort 	 Portfolioelement 	 Ziel 	 Portfolioelement 
LoB Ins: 	 	 Application Management     	 One Adesso: 	 Hosting & Application Management
LoB Ins: 	 	 Application Management     	 One Adesso: 	 Application Management   
LoB Ins: 	 	 BiPRO                      	 One Adesso: 	 BiPRO                    
LoB Ins: 	 	 Blockchain                 	 One Adesso: 	 Blockchain               
LoB Ins: 	 	 Change Management          	 One Adesso: 	 Change Management & Veränderungsfähigkeit
LoB Ins: 	 	 Chatbot                    	 One Adesso: 	 Chatbots                 
LoB Ins: 	 	 Design Thinking            	 One Adesso: 	 Design Thinking          
LoB Ins: 	 	 DevOps                     	 One Adesso: 	 DevOps                   
LoB Ins: 	 	 Firmenkundenportale        	 One Adesso: 	 Firmenkundenportale      
LoB Ins: 	 	 in|sure                    	 One Adesso: 	 in|sure                  
LoB Ins: 	 	 Interaction Room           	 One Adesso: 	 Interaction Room (IR)    
LoB Ins: 	 	 IT-Providermanagement      	 One Adesso: 	 IT-Prozesse und IT-Providermanagement
LoB Ins: 	 	 Java                       	 One Adesso: 	 Java                     
LoB Ins: 	 	 MIGSuite                   	 One Adesso: 	 MIGSuite                 
LoB Ins: 	 	 PBM                        	 One Adesso: 	 PBM - Personal Business Machine
LoB Ins: 	 	 Security Management        	 One Adesso: 	 Service & Security Management
One Adesso: 	 	 Firmenkundenportale        	 LoB Insurance: 	 Firmenkundenportale      
One Adesso: 	 	 Insurance                  	 LoB Insurance: 	 Insurance Distribution Directive
One Adesso: 	 	 BiPRO                      	 LoB Insurance: 	 BiPRO                    
One Adesso: 	 	 Marketing                  	 LoB Insurance: 	 Predictive Marketing     
One Adesso: 	 	 Agile                      	 LoB Insurance: 	 Agile Onboarding         
One Adesso: 	 	 Agile                      	 LoB Insurance: 	 Agile Portfolio          
One Adesso: 	 	 Agile                      	 LoB Insurance: 	 Agiles Business Development
One Adesso: 	 	 Agile                      	 LoB Insurance: 	 Agiles Projektmanagement 
One Adesso: 	 	 Design Thinking            	 LoB Insurance: 	 Design Thinking          
One Adesso: 	 	 Application Management     	 LoB Insurance: 	 Application Management   
One Adesso: 	 	 DevOps                     	 LoB Insurance: 	 DevOps                   
One Adesso: 	 	 DevOps                     	 LoB Insurance: 	 DevOps: Softwareentwicklung und IT-Betrieb gehören zusammen
One Adesso: 	 	 Projektmanagement          	 LoB Insurance: 	 Agiles Projektmanagement 
One Adesso: 	 	 Projektmanagement          	 LoB Insurance: 	 Pragmatisches IT Projektmanagement
One Adesso: 	 	 Projektmanagement          	 LoB Insurance: 	 Projektmanagement-Office (PMO)
One Adesso: 	 	 Java                       	 LoB Insurance: 	 Java                     
One Adesso: 	 	 Microsoft                  	 LoB Insurance: 	 Microsoft.net            
One Adesso: 	 	 App-Entwicklung            	 LoB Insurance: 	 Das Beste für alle mobilen Welten - App-Entwicklung für unterschiedliche Plattformen
One Adesso: 	 	 Cloud                      	 LoB Insurance: 	 Cloud/ Cloudmanagement   
One Adesso: 	 	 Big Data                   	 LoB Insurance: 	 Informationsmanagement im Zeichen von Big Data
One Adesso: 	 	 Blockchain                 	 LoB Insurance: 	 Blockchain               
One Adesso: 	 	 in|sure                    	 LoB Insurance: 	 in|sure                  
One Adesso: 	 	 MIGSuite                   	 LoB Insurance: 	 MIGSuite                 
Quelle 	 Schlüsselwort 	 Portfolioelement 	 Ziel 	 Portfolioelement 
LoB Ins: 	 Design               	 Grafik/ Design/ Kreation                                                	 One Adesso: 	 Kreation & Design        
LoB Ins: 	 Design               	 Grafik/ Design/ Kreation                                                	 One Adesso: 	 Design Thinking          
LoB Ins: 	 Design               	 Grafik/ Design/ Kreation                                                	 One Adesso: 	 Requirements Engineering & Design
LoB Ins: 	 Kreation             	 Grafik/ Design/ Kreation                                                	 One Adesso: 	 Kreation & Design        
LoB Ins: 	 Customer             	 Customer Journey                                                        	 One Adesso: 	 Customer Data Hub        
LoB Ins: 	 Customer             	 Customer Journey                                                        	 One Adesso: 	 Customer Data Hub/Customer Data Platform
LoB Ins: 	 Customer             	 Customer Journey                                                        	 One Adesso: 	 SAP Customer Experience  
LoB Ins: 	 management           	 a|advanced fraud management                                             	 One Adesso: 	 Betrugsmanagement        
LoB Ins: 	 management           	 a|advanced fraud management                                             	 One Adesso: 	 Variantenmanagement      
LoB Ins: 	 management           	 a|advanced fraud management                                             	 One Adesso: 	 IT-Prozesse und IT-Providermanagement
LoB Ins: 	 management           	 a|advanced fraud management                                             	 One Adesso: 	 Projektmanagement        
LoB Ins: 	 management           	 a|advanced fraud management                                             	 One Adesso: 	 Datenmanagement (DWH/Reporting)
LoB Ins: 	 Agile                	 Agile Onboarding                                                        	 One Adesso: 	 Agile                    
LoB Ins: 	 Agile                	 Agile Portfolio                                                         	 One Adesso: 	 Agile                    
LoB Ins: 	 Business             	 Agiles Business Development                                             	 One Adesso: 	 Business Consulting      
LoB Ins: 	 Business             	 Agiles Business Development                                             	 One Adesso: 	 Business Productivity    
LoB Ins: 	 Business             	 Agiles Business Development                                             	 One Adesso: 	 PBM - Personal Business Machine
LoB Ins: 	 Development          	 Agiles Business Development                                             	 One Adesso: 	 SAP Custom Development & Integration
LoB Ins: 	 Projektmanagement    	 Agiles Projektmanagement                                                	 One Adesso: 	 Projektmanagement        
LoB Ins: 	 Application          	 Application Management                                                  	 One Adesso: 	 Hosting & Application Management
LoB Ins: 	 Application          	 Application Management                                                  	 One Adesso: 	 Application Management   
LoB Ins: 	 Management           	 Application Management                                                  	 One Adesso: 	 Change Management & Veränderungsfähigkeit
LoB Ins: 	 Management           	 Application Management                                                  	 One Adesso: 	 Hosting & Application Management
LoB Ins: 	 Management           	 Application Management                                                  	 One Adesso: 	 Service & Security Management
LoB Ins: 	 Management           	 Application Management                                                  	 One Adesso: 	 Prozess Management       
LoB Ins: 	 Management           	 Application Management                                                  	 One Adesso: 	 Innovation Management    
LoB Ins: 	 Management           	 Application Management                                                  	 One Adesso: 	 Application Management   
LoB Ins: 	 Management           	 Application Management                                                  	 One Adesso: 	 Hosting & Plattform Management
LoB Ins: 	 BiPRO                	 BiPRO                                                                   	 One Adesso: 	 BiPRO                    
LoB Ins: 	 Blockchain           	 Blockchain                                                              	 One Adesso: 	 Blockchain               
LoB Ins: 	 Business             	 Business Integration                                                    	 One Adesso: 	 Business Consulting      
LoB Ins: 	 Business             	 Business Integration                                                    	 One Adesso: 	 Business Productivity    
LoB Ins: 	 Business             	 Business Integration                                                    	 One Adesso: 	 PBM - Personal Business Machine
LoB Ins: 	 Integration          	 Business Integration                                                    	 One Adesso: 	 Integration Layer & Bank-APIs
LoB Ins: 	 Integration          	 Business Integration                                                    	 One Adesso: 	 SAP Custom Development & Integration
LoB Ins: 	 Business             	 Business Intelligence and Analytics                                     	 One Adesso: 	 Business Consulting      
LoB Ins: 	 Business             	 Business Intelligence and Analytics                                     	 One Adesso: 	 Business Productivity    
LoB Ins: 	 Business             	 Business Intelligence and Analytics                                     	 One Adesso: 	 PBM - Personal Business Machine
LoB Ins: 	 Analytics            	 Business Intelligence and Analytics                                     	 One Adesso: 	 SAP BW/4HANA (Analytics) 
LoB Ins: 	 Analytics            	 Business Intelligence and Analytics                                     	 One Adesso: 	 Data & Analytics         
LoB Ins: 	 Analytics            	 Business Intelligence and Analytics                                     	 One Adesso: 	 Data & Analytics Platform
LoB Ins: 	 Analytics            	 Business Intelligence and Analytics                                     	 One Adesso: 	 Self Service Analytics and BI
LoB Ins: 	 Business             	 Business Transformation                                                 	 One Adesso: 	 Business Consulting      
LoB Ins: 	 Business             	 Business Transformation                                                 	 One Adesso: 	 Business Productivity    
LoB Ins: 	 Business             	 Business Transformation                                                 	 One Adesso: 	 PBM - Personal Business Machine
LoB Ins: 	 Transformation       	 Business Transformation                                                 	 One Adesso: 	 IT Transformation & Agilisierung der Organisation
LoB Ins: 	 Transformation       	 Business Transformation                                                 	 One Adesso: 	 Digital Transformation   
LoB Ins: 	 Change               	 Change Management                                                       	 One Adesso: 	 Change Management & Veränderungsfähigkeit
LoB Ins: 	 Management           	 Change Management                                                       	 One Adesso: 	 Change Management & Veränderungsfähigkeit
LoB Ins: 	 Management           	 Change Management                                                       	 One Adesso: 	 Hosting & Application Management
LoB Ins: 	 Management           	 Change Management                                                       	 One Adesso: 	 Service & Security Management
LoB Ins: 	 Management           	 Change Management                                                       	 One Adesso: 	 Prozess Management       
LoB Ins: 	 Management           	 Change Management                                                       	 One Adesso: 	 Innovation Management    
LoB Ins: 	 Management           	 Change Management                                                       	 One Adesso: 	 Application Management   
LoB Ins: 	 Management           	 Change Management                                                       	 One Adesso: 	 Hosting & Plattform Management
LoB Ins: 	 Chatbot              	 Chatbot                                                                 	 One Adesso: 	 Chatbots                 
LoB Ins: 	 Chatbot              	 Chatbot Wings App (Prototyp)                                            	 One Adesso: 	 Chatbots                 
LoB Ins: 	 App                  	 Chatbot Wings App (Prototyp)                                            	 One Adesso: 	 Konzeption & Entwicklung von Medizintechnik Software & Apps
LoB Ins: 	 App                  	 Chatbot Wings App (Prototyp)                                            	 One Adesso: 	 Mobile Apps for Health   
LoB Ins: 	 App                  	 Chatbot Wings App (Prototyp)                                            	 One Adesso: 	 Mobile Apps              
LoB Ins: 	 App                  	 Chatbot Wings App (Prototyp)                                            	 One Adesso: 	 Hosting & Application Management
LoB Ins: 	 App                  	 Chatbot Wings App (Prototyp)                                            	 One Adesso: 	 Application Management   
LoB Ins: 	 App                  	 Chatbot Wings App (Prototyp)                                            	 One Adesso: 	 App-Entwicklung          
LoB Ins: 	 Cloud                	 Cloud/ Cloudmanagement                                                  	 One Adesso: 	 Cloud (Azure)            
LoB Ins: 	 Cloud                	 Cloud/ Cloudmanagement                                                  	 One Adesso: 	 Cloud                    
LoB Ins: 	 Cloud                	 Cloud/ Cloudmanagement                                                  	 One Adesso: 	 IoT-Cloud-Plattformen    
LoB Ins: 	 com2m                	 com2m IoT Plattform                                                     	 One Adesso: 	 com2m IoT-Platform       
LoB Ins: 	 IoT                  	 com2m IoT Plattform                                                     	 One Adesso: 	 Beratungsleistung IoT    
LoB Ins: 	 IoT                  	 com2m IoT Plattform                                                     	 One Adesso: 	 IoT-Cloud-Plattformen    
LoB Ins: 	 IoT                  	 com2m IoT Plattform                                                     	 One Adesso: 	 com2m IoT-Platform       
LoB Ins: 	 Plattform            	 com2m IoT Plattform                                                     	 One Adesso: 	 Hosting & Plattform Management
LoB Ins: 	 Plattform            	 com2m IoT Plattform                                                     	 One Adesso: 	 IoT-Cloud-Plattformen    
LoB Ins: 	 Customer             	 Customer Experience Kampagne                                            	 One Adesso: 	 Customer Data Hub        
LoB Ins: 	 Customer             	 Customer Experience Kampagne                                            	 One Adesso: 	 Customer Data Hub/Customer Data Platform
LoB Ins: 	 Customer             	 Customer Experience Kampagne                                            	 One Adesso: 	 SAP Customer Experience  
LoB Ins: 	 Experience           	 Customer Experience Kampagne                                            	 One Adesso: 	 SAP Customer Experience  
LoB Ins: 	 Customer             	 Customer Experience Management                                          	 One Adesso: 	 Customer Data Hub        
LoB Ins: 	 Customer             	 Customer Experience Management                                          	 One Adesso: 	 Customer Data Hub/Customer Data Platform
LoB Ins: 	 Customer             	 Customer Experience Management                                          	 One Adesso: 	 SAP Customer Experience  
LoB Ins: 	 Experience           	 Customer Experience Management                                          	 One Adesso: 	 SAP Customer Experience  
LoB Ins: 	 Management           	 Customer Experience Management                                          	 One Adesso: 	 Change Management & Veränderungsfähigkeit
LoB Ins: 	 Management           	 Customer Experience Management                                          	 One Adesso: 	 Hosting & Application Management
LoB Ins: 	 Management           	 Customer Experience Management                                          	 One Adesso: 	 Service & Security Management
LoB Ins: 	 Management           	 Customer Experience Management                                          	 One Adesso: 	 Prozess Management       
LoB Ins: 	 Management           	 Customer Experience Management                                          	 One Adesso: 	 Innovation Management    
LoB Ins: 	 Management           	 Customer Experience Management                                          	 One Adesso: 	 Application Management   
LoB Ins: 	 Management           	 Customer Experience Management                                          	 One Adesso: 	 Hosting & Plattform Management
LoB Ins: 	 Customer             	 Customer Relationship Management                                        	 One Adesso: 	 Customer Data Hub        
LoB Ins: 	 Customer             	 Customer Relationship Management                                        	 One Adesso: 	 Customer Data Hub/Customer Data Platform
LoB Ins: 	 Customer             	 Customer Relationship Management                                        	 One Adesso: 	 SAP Customer Experience  
LoB Ins: 	 Management           	 Customer Relationship Management                                        	 One Adesso: 	 Change Management & Veränderungsfähigkeit
LoB Ins: 	 Management           	 Customer Relationship Management                                        	 One Adesso: 	 Hosting & Application Management
LoB Ins: 	 Management           	 Customer Relationship Management                                        	 One Adesso: 	 Service & Security Management
LoB Ins: 	 Management           	 Customer Relationship Management                                        	 One Adesso: 	 Prozess Management       
LoB Ins: 	 Management           	 Customer Relationship Management                                        	 One Adesso: 	 Innovation Management    
LoB Ins: 	 Management           	 Customer Relationship Management                                        	 One Adesso: 	 Application Management   
LoB Ins: 	 Management           	 Customer Relationship Management                                        	 One Adesso: 	 Hosting & Plattform Management
LoB Ins: 	 Plattformen          	 Das Beste für alle mobilen Welten - App-Entwicklung für unterschiedliche Plattformen  	 One Adesso: 	 IoT-Cloud-Plattformen    
LoB Ins: 	 Data                 	 Data Science / Künstliche Intelligenz                                   	 One Adesso: 	 Customer Data Hub        
LoB Ins: 	 Data                 	 Data Science / Künstliche Intelligenz                                   	 One Adesso: 	 Customer Data Hub/Customer Data Platform
LoB Ins: 	 Data                 	 Data Science / Künstliche Intelligenz                                   	 One Adesso: 	 Data Science & ML        
LoB Ins: 	 Data                 	 Data Science / Künstliche Intelligenz                                   	 One Adesso: 	 Data & Analytics         
LoB Ins: 	 Data                 	 Data Science / Künstliche Intelligenz                                   	 One Adesso: 	 Data & Analytics Platform
LoB Ins: 	 Data                 	 Data Science / Künstliche Intelligenz                                   	 One Adesso: 	 Big Data                 
LoB Ins: 	 Science              	 Data Science / Künstliche Intelligenz                                   	 One Adesso: 	 Health | Life Sciences   
LoB Ins: 	 Science              	 Data Science / Künstliche Intelligenz                                   	 One Adesso: 	 Life Sciences Regulatorik
LoB Ins: 	 Science              	 Data Science / Künstliche Intelligenz                                   	 One Adesso: 	 Data Science & ML        
LoB Ins: 	 Design               	 Design for Operation                                                    	 One Adesso: 	 Kreation & Design        
LoB Ins: 	 Design               	 Design for Operation                                                    	 One Adesso: 	 Design Thinking          
LoB Ins: 	 Design               	 Design for Operation                                                    	 One Adesso: 	 Requirements Engineering & Design
LoB Ins: 	 Design               	 Design Thinking                                                         	 One Adesso: 	 Kreation & Design        
LoB Ins: 	 Design               	 Design Thinking                                                         	 One Adesso: 	 Design Thinking          
LoB Ins: 	 Design               	 Design Thinking                                                         	 One Adesso: 	 Requirements Engineering & Design
LoB Ins: 	 Thinking             	 Design Thinking                                                         	 One Adesso: 	 Design Thinking          
LoB Ins: 	 DevOps               	 DevOps                                                                  	 One Adesso: 	 DevOps                   
LoB Ins: 	 DevOps               	 DevOps: Softwareentwicklung und IT-Betrieb gehören zusammen             	 One Adesso: 	 DevOps                   
LoB Ins: 	 Digital              	 Digital Design                                                          	 One Adesso: 	 Digitaler Bankarbeitsplatz
LoB Ins: 	 Digital              	 Digital Design                                                          	 One Adesso: 	 Digitaler Shopfloor      
LoB Ins: 	 Digital              	 Digital Design                                                          	 One Adesso: 	 E2E Digitalisierung Vertrieb/Service/Marketing
LoB Ins: 	 Digital              	 Digital Design                                                          	 One Adesso: 	 Digital Transformation   
LoB Ins: 	 Digital              	 Digital Design                                                          	 One Adesso: 	 Digitalisierungsstrategie
LoB Ins: 	 Design               	 Digital Design                                                          	 One Adesso: 	 Kreation & Design        
LoB Ins: 	 Design               	 Digital Design                                                          	 One Adesso: 	 Design Thinking          
LoB Ins: 	 Design               	 Digital Design                                                          	 One Adesso: 	 Requirements Engineering & Design
LoB Ins: 	 Digital              	 Digital Identity Management (Authentifizierung, Identifizierung)        	 One Adesso: 	 Digitaler Bankarbeitsplatz
LoB Ins: 	 Digital              	 Digital Identity Management (Authentifizierung, Identifizierung)        	 One Adesso: 	 Digitaler Shopfloor      
LoB Ins: 	 Digital              	 Digital Identity Management (Authentifizierung, Identifizierung)        	 One Adesso: 	 E2E Digitalisierung Vertrieb/Service/Marketing
LoB Ins: 	 Digital              	 Digital Identity Management (Authentifizierung, Identifizierung)        	 One Adesso: 	 Digital Transformation   
LoB Ins: 	 Digital              	 Digital Identity Management (Authentifizierung, Identifizierung)        	 One Adesso: 	 Digitalisierungsstrategie
LoB Ins: 	 Management           	 Digital Identity Management (Authentifizierung, Identifizierung)        	 One Adesso: 	 Change Management & Veränderungsfähigkeit
LoB Ins: 	 Management           	 Digital Identity Management (Authentifizierung, Identifizierung)        	 One Adesso: 	 Hosting & Application Management
LoB Ins: 	 Management           	 Digital Identity Management (Authentifizierung, Identifizierung)        	 One Adesso: 	 Service & Security Management
LoB Ins: 	 Management           	 Digital Identity Management (Authentifizierung, Identifizierung)        	 One Adesso: 	 Prozess Management       
LoB Ins: 	 Management           	 Digital Identity Management (Authentifizierung, Identifizierung)        	 One Adesso: 	 Innovation Management    
LoB Ins: 	 Management           	 Digital Identity Management (Authentifizierung, Identifizierung)        	 One Adesso: 	 Application Management   
LoB Ins: 	 Management           	 Digital Identity Management (Authentifizierung, Identifizierung)        	 One Adesso: 	 Hosting & Plattform Management
LoB Ins: 	 Digital              	 Digital Mastery (Digital Readiness Check)                               	 One Adesso: 	 Digitaler Bankarbeitsplatz
LoB Ins: 	 Digital              	 Digital Mastery (Digital Readiness Check)                               	 One Adesso: 	 Digitaler Shopfloor      
LoB Ins: 	 Digital              	 Digital Mastery (Digital Readiness Check)                               	 One Adesso: 	 E2E Digitalisierung Vertrieb/Service/Marketing
LoB Ins: 	 Digital              	 Digital Mastery (Digital Readiness Check)                               	 One Adesso: 	 Digital Transformation   
LoB Ins: 	 Digital              	 Digital Mastery (Digital Readiness Check)                               	 One Adesso: 	 Digitalisierungsstrategie
LoB Ins: 	 Digital              	 Digital Mastery (Digital Readiness Check)                               	 One Adesso: 	 Digitaler Bankarbeitsplatz
LoB Ins: 	 Digital              	 Digital Mastery (Digital Readiness Check)                               	 One Adesso: 	 Digitaler Shopfloor      
LoB Ins: 	 Digital              	 Digital Mastery (Digital Readiness Check)                               	 One Adesso: 	 E2E Digitalisierung Vertrieb/Service/Marketing
LoB Ins: 	 Digital              	 Digital Mastery (Digital Readiness Check)                               	 One Adesso: 	 Digital Transformation   
LoB Ins: 	 Digital              	 Digital Mastery (Digital Readiness Check)                               	 One Adesso: 	 Digitalisierungsstrategie
LoB Ins: 	 Digitale             	 Digitale Beratungs- und Verkaufsprozesse                                	 One Adesso: 	 Digitaler Bankarbeitsplatz
LoB Ins: 	 Digitale             	 Digitale Beratungs- und Verkaufsprozesse                                	 One Adesso: 	 Digitaler Shopfloor      
LoB Ins: 	 Beratungs            	 Digitale Beratungs- und Verkaufsprozesse                                	 One Adesso: 	 Beratungsleistung IoT    
LoB Ins: 	 Digitale             	 Digitale Firmenkundenschnittstelle                                      	 One Adesso: 	 Digitaler Bankarbeitsplatz
LoB Ins: 	 Digitale             	 Digitale Firmenkundenschnittstelle                                      	 One Adesso: 	 Digitaler Shopfloor      
LoB Ins: 	 Digitale             	 Digitale Kundenschnittstelle                                            	 One Adesso: 	 Digitaler Bankarbeitsplatz
LoB Ins: 	 Digitale             	 Digitale Kundenschnittstelle                                            	 One Adesso: 	 Digitaler Shopfloor      
LoB Ins: 	 Digitale             	 Digitale Signatur                                                       	 One Adesso: 	 Digitaler Bankarbeitsplatz
LoB Ins: 	 Digitale             	 Digitale Signatur                                                       	 One Adesso: 	 Digitaler Shopfloor      
LoB Ins: 	 Digitaler            	 Digitaler Schadensprozess                                               	 One Adesso: 	 Digitaler Bankarbeitsplatz
LoB Ins: 	 Digitaler            	 Digitaler Schadensprozess                                               	 One Adesso: 	 Digitaler Shopfloor      
LoB Ins: 	 Digitalisierung      	 Digitalisierung Bankenkooperation                                       	 One Adesso: 	 E2E Digitalisierung Vertrieb/Service/Marketing
LoB Ins: 	 Digitalisierung      	 Digitalisierung Bankenkooperation                                       	 One Adesso: 	 Digitalisierungsstrategie
LoB Ins: 	 Management           	 Einführungsmanagement (Cutover Management)                              	 One Adesso: 	 Change Management & Veränderungsfähigkeit
LoB Ins: 	 Management           	 Einführungsmanagement (Cutover Management)                              	 One Adesso: 	 Hosting & Application Management
LoB Ins: 	 Management           	 Einführungsmanagement (Cutover Management)                              	 One Adesso: 	 Service & Security Management
LoB Ins: 	 Management           	 Einführungsmanagement (Cutover Management)                              	 One Adesso: 	 Prozess Management       
LoB Ins: 	 Management           	 Einführungsmanagement (Cutover Management)                              	 One Adesso: 	 Innovation Management    
LoB Ins: 	 Management           	 Einführungsmanagement (Cutover Management)                              	 One Adesso: 	 Application Management   
LoB Ins: 	 Management           	 Einführungsmanagement (Cutover Management)                              	 One Adesso: 	 Hosting & Plattform Management
LoB Ins: 	 Entwicklung          	 Entwicklung einen Raum geben - Software-Projekte im Interaction Room    	 One Adesso: 	 Konzeption & Entwicklung von Medizintechnik Software & Apps
LoB Ins: 	 Entwicklung          	 Entwicklung einen Raum geben - Software-Projekte im Interaction Room    	 One Adesso: 	 SAP S/4HANA (Modulberatung & Entwicklung)
LoB Ins: 	 Entwicklung          	 Entwicklung einen Raum geben - Software-Projekte im Interaction Room    	 One Adesso: 	 App-Entwicklung          
LoB Ins: 	 Interaction          	 Entwicklung einen Raum geben - Software-Projekte im Interaction Room    	 One Adesso: 	 Interaction Room (IR)    
LoB Ins: 	 Room                 	 Entwicklung einen Raum geben - Software-Projekte im Interaction Room    	 One Adesso: 	 Interaction Room (IR)    
LoB Ins: 	 Firmenkundenportale  	 Firmenkundenportale                                                     	 One Adesso: 	 Firmenkundenportale      
LoB Ins: 	 First                	 First Spirit                                                            	 One Adesso: 	 FirstSpirit              
LoB Ins: 	 Spirit               	 First Spirit                                                            	 One Adesso: 	 FirstSpirit              
LoB Ins: 	 Customer             	 in|RELATION Customer Relationship Management                            	 One Adesso: 	 Customer Data Hub        
LoB Ins: 	 Customer             	 in|RELATION Customer Relationship Management                            	 One Adesso: 	 Customer Data Hub/Customer Data Platform
LoB Ins: 	 Customer             	 in|RELATION Customer Relationship Management                            	 One Adesso: 	 SAP Customer Experience  
LoB Ins: 	 Management           	 in|RELATION Customer Relationship Management                            	 One Adesso: 	 Change Management & Veränderungsfähigkeit
LoB Ins: 	 Management           	 in|RELATION Customer Relationship Management                            	 One Adesso: 	 Hosting & Application Management
LoB Ins: 	 Management           	 in|RELATION Customer Relationship Management                            	 One Adesso: 	 Service & Security Management
LoB Ins: 	 Management           	 in|RELATION Customer Relationship Management                            	 One Adesso: 	 Prozess Management       
LoB Ins: 	 Management           	 in|RELATION Customer Relationship Management                            	 One Adesso: 	 Innovation Management    
LoB Ins: 	 Management           	 in|RELATION Customer Relationship Management                            	 One Adesso: 	 Application Management   
LoB Ins: 	 Management           	 in|RELATION Customer Relationship Management                            	 One Adesso: 	 Hosting & Plattform Management
LoB Ins: 	 in|sure              	 in|sure                                                                 	 One Adesso: 	 in|sure                  
LoB Ins: 	 Big                  	 Informationsmanagement im Zeichen von Big Data                          	 One Adesso: 	 Big Data                 
LoB Ins: 	 Data                 	 Informationsmanagement im Zeichen von Big Data                          	 One Adesso: 	 Customer Data Hub        
LoB Ins: 	 Data                 	 Informationsmanagement im Zeichen von Big Data                          	 One Adesso: 	 Customer Data Hub/Customer Data Platform
LoB Ins: 	 Data                 	 Informationsmanagement im Zeichen von Big Data                          	 One Adesso: 	 Data Science & ML        
LoB Ins: 	 Data                 	 Informationsmanagement im Zeichen von Big Data                          	 One Adesso: 	 Data & Analytics         
LoB Ins: 	 Data                 	 Informationsmanagement im Zeichen von Big Data                          	 One Adesso: 	 Data & Analytics Platform
LoB Ins: 	 Data                 	 Informationsmanagement im Zeichen von Big Data                          	 One Adesso: 	 Big Data                 
LoB Ins: 	 Insurance            	 Insurance Distribution Directive                                        	 One Adesso: 	 Insurance                
LoB Ins: 	 Interaction          	 Interaction Room                                                        	 One Adesso: 	 Interaction Room (IR)    
LoB Ins: 	 Room                 	 Interaction Room                                                        	 One Adesso: 	 Interaction Room (IR)    
LoB Ins: 	 Reporting            	 International Financial Reporting Standards (IFRS)                      	 One Adesso: 	 Datenmanagement (DWH/Reporting)
LoB Ins: 	 IT                   	 IT Assessment                                                           	 One Adesso: 	 IT-Konsolidierung des Bundes
LoB Ins: 	 IT                   	 IT Assessment                                                           	 One Adesso: 	 IT-Organisation & -Steuerung
LoB Ins: 	 IT                   	 IT Assessment                                                           	 One Adesso: 	 IT-ARCHITEKTUR & BUSINESS INTEGRATION
LoB Ins: 	 IT                   	 IT Assessment                                                           	 One Adesso: 	 IT-Prozesse und IT-Providermanagement
LoB Ins: 	 IT                   	 IT Assessment                                                           	 One Adesso: 	 IT Transformation & Agilisierung der Organisation
LoB Ins: 	 IT                   	 IT Assessment                                                           	 One Adesso: 	 IT Strategy & Enterprise Architecture Consulting
LoB Ins: 	 IT                   	 IT Assessment                                                           	 One Adesso: 	 IT Consulting & Software Architecture
LoB Ins: 	 IT                   	 IT muss neue gedacht werden - New School of IT                          	 One Adesso: 	 IT-Konsolidierung des Bundes
LoB Ins: 	 IT                   	 IT muss neue gedacht werden - New School of IT                          	 One Adesso: 	 IT-Organisation & -Steuerung
LoB Ins: 	 IT                   	 IT muss neue gedacht werden - New School of IT                          	 One Adesso: 	 IT-ARCHITEKTUR & BUSINESS INTEGRATION
LoB Ins: 	 IT                   	 IT muss neue gedacht werden - New School of IT                          	 One Adesso: 	 IT-Prozesse und IT-Providermanagement
LoB Ins: 	 IT                   	 IT muss neue gedacht werden - New School of IT                          	 One Adesso: 	 IT Transformation & Agilisierung der Organisation
LoB Ins: 	 IT                   	 IT muss neue gedacht werden - New School of IT                          	 One Adesso: 	 IT Strategy & Enterprise Architecture Consulting
LoB Ins: 	 IT                   	 IT muss neue gedacht werden - New School of IT                          	 One Adesso: 	 IT Consulting & Software Architecture
LoB Ins: 	 IT                   	 IT muss neue gedacht werden - New School of IT                          	 One Adesso: 	 IT-Konsolidierung des Bundes
LoB Ins: 	 IT                   	 IT muss neue gedacht werden - New School of IT                          	 One Adesso: 	 IT-Organisation & -Steuerung
LoB Ins: 	 IT                   	 IT muss neue gedacht werden - New School of IT                          	 One Adesso: 	 IT-ARCHITEKTUR & BUSINESS INTEGRATION
LoB Ins: 	 IT                   	 IT muss neue gedacht werden - New School of IT                          	 One Adesso: 	 IT-Prozesse und IT-Providermanagement
LoB Ins: 	 IT                   	 IT muss neue gedacht werden - New School of IT                          	 One Adesso: 	 IT Transformation & Agilisierung der Organisation
LoB Ins: 	 IT                   	 IT muss neue gedacht werden - New School of IT                          	 One Adesso: 	 IT Strategy & Enterprise Architecture Consulting
LoB Ins: 	 IT                   	 IT muss neue gedacht werden - New School of IT                          	 One Adesso: 	 IT Consulting & Software Architecture
LoB Ins: 	 Hosting              	 IT-Betrieb und -Hosting                                                 	 One Adesso: 	 Hosting & Application Management
LoB Ins: 	 Hosting              	 IT-Betrieb und -Hosting                                                 	 One Adesso: 	 Hosting & Plattform Management
LoB Ins: 	 Java                 	 Java                                                                    	 One Adesso: 	 Java                     
LoB Ins: 	 den                  	 Künstliche Intelligenz verändert den Blickwinkel                        	 One Adesso: 	 Firmenkundenportale      
LoB Ins: 	 den                  	 Künstliche Intelligenz verändert den Blickwinkel                        	 One Adesso: 	 Schaden-/ Leistungsprozesse
LoB Ins: 	 den                  	 Künstliche Intelligenz verändert den Blickwinkel                        	 One Adesso: 	 eID - Elektronische Identität
LoB Ins: 	 den                  	 Künstliche Intelligenz verändert den Blickwinkel                        	 One Adesso: 	 Industry Independent     
LoB Ins: 	 Product              	 Lean Startup (Minimum Viable Product)                                   	 One Adesso: 	 Product tService         
LoB Ins: 	 Product              	 Lean Startup (Minimum Viable Product)                                   	 One Adesso: 	 Business Productivity    
LoB Ins: 	 Machine              	 Machine / Deep-Learning                                                 	 One Adesso: 	 PBM - Personal Business Machine
LoB Ins: 	 MIGSuite             	 MIGSuite                                                                	 One Adesso: 	 MIGSuite                 
LoB Ins: 	 Mobile               	 Mobile Testing                                                          	 One Adesso: 	 Mobile Apps for Health   
LoB Ins: 	 Mobile               	 Mobile Testing                                                          	 One Adesso: 	 Mobile Apps              
LoB Ins: 	 Mobile               	 Mobile Testing                                                          	 One Adesso: 	 Mobile Ticketing         
LoB Ins: 	 Management           	 Omni Channel Management                                                 	 One Adesso: 	 Change Management & Veränderungsfähigkeit
LoB Ins: 	 Management           	 Omni Channel Management                                                 	 One Adesso: 	 Hosting & Application Management
LoB Ins: 	 Management           	 Omni Channel Management                                                 	 One Adesso: 	 Service & Security Management
LoB Ins: 	 Management           	 Omni Channel Management                                                 	 One Adesso: 	 Prozess Management       
LoB Ins: 	 Management           	 Omni Channel Management                                                 	 One Adesso: 	 Innovation Management    
LoB Ins: 	 Management           	 Omni Channel Management                                                 	 One Adesso: 	 Application Management   
LoB Ins: 	 Management           	 Omni Channel Management                                                 	 One Adesso: 	 Hosting & Plattform Management
LoB Ins: 	 Rückversicherung     	 Passive Rückversicherung                                                	 One Adesso: 	 Rückversicherungsprozesse
LoB Ins: 	 PBM                  	 PBM                                                                     	 One Adesso: 	 PBM - Personal Business Machine
LoB Ins: 	 Portale              	 Portale zur Übermittlung und Bearbeitung von Angeboten                  	 One Adesso: 	 Portale für eine einzigartige CEX
LoB Ins: 	 Portale              	 Portale zur Übermittlung und Bearbeitung von Angeboten                  	 One Adesso: 	 Websites & Portale       
LoB Ins: 	 IT                   	 Pragmatisches IT Projektmanagement                                      	 One Adesso: 	 IT-Konsolidierung des Bundes
LoB Ins: 	 IT                   	 Pragmatisches IT Projektmanagement                                      	 One Adesso: 	 IT-Organisation & -Steuerung
LoB Ins: 	 IT                   	 Pragmatisches IT Projektmanagement                                      	 One Adesso: 	 IT-ARCHITEKTUR & BUSINESS INTEGRATION
LoB Ins: 	 IT                   	 Pragmatisches IT Projektmanagement                                      	 One Adesso: 	 IT-Prozesse und IT-Providermanagement
LoB Ins: 	 IT                   	 Pragmatisches IT Projektmanagement                                      	 One Adesso: 	 IT Transformation & Agilisierung der Organisation
LoB Ins: 	 IT                   	 Pragmatisches IT Projektmanagement                                      	 One Adesso: 	 IT Strategy & Enterprise Architecture Consulting
LoB Ins: 	 IT                   	 Pragmatisches IT Projektmanagement                                      	 One Adesso: 	 IT Consulting & Software Architecture
LoB Ins: 	 Projektmanagement    	 Pragmatisches IT Projektmanagement                                      	 One Adesso: 	 Projektmanagement        
LoB Ins: 	 Predictive           	 Predictive Marketing                                                    	 One Adesso: 	 Predictive Maintenance und Field Service
LoB Ins: 	 Marketing            	 Predictive Marketing                                                    	 One Adesso: 	 Marketing                
LoB Ins: 	 Marketing            	 Predictive Marketing                                                    	 One Adesso: 	 Online Marketing         
LoB Ins: 	 Marketing            	 Predictive Marketing                                                    	 One Adesso: 	 Marketing Automation     
LoB Ins: 	 Marketing            	 Predictive Marketing                                                    	 One Adesso: 	 E2E Digitalisierung Vertrieb/Service/Marketing
LoB Ins: 	 Prozess              	 Prozess Automatisierung                                                 	 One Adesso: 	 IT-Prozesse und IT-Providermanagement
LoB Ins: 	 Prozess              	 Prozess Automatisierung                                                 	 One Adesso: 	 Prozess Management       
LoB Ins: 	 Management           	 Release Management                                                      	 One Adesso: 	 Change Management & Veränderungsfähigkeit
LoB Ins: 	 Management           	 Release Management                                                      	 One Adesso: 	 Hosting & Application Management
LoB Ins: 	 Management           	 Release Management                                                      	 One Adesso: 	 Service & Security Management
LoB Ins: 	 Management           	 Release Management                                                      	 One Adesso: 	 Prozess Management       
LoB Ins: 	 Management           	 Release Management                                                      	 One Adesso: 	 Innovation Management    
LoB Ins: 	 Management           	 Release Management                                                      	 One Adesso: 	 Application Management   
LoB Ins: 	 Management           	 Release Management                                                      	 One Adesso: 	 Hosting & Plattform Management
LoB Ins: 	 Automation           	 Robotic Process Automation                                              	 One Adesso: 	 Marketing Automation     
LoB Ins: 	 Schaden              	 Schaden-/ Leistungsmanagement                                           	 One Adesso: 	 Schaden-/ Leistungsprozesse
LoB Ins: 	 Security             	 Security Management                                                     	 One Adesso: 	 Embedded Security        
LoB Ins: 	 Security             	 Security Management                                                     	 One Adesso: 	 Service & Security Management
LoB Ins: 	 Management           	 Security Management                                                     	 One Adesso: 	 Change Management & Veränderungsfähigkeit
LoB Ins: 	 Management           	 Security Management                                                     	 One Adesso: 	 Hosting & Application Management
LoB Ins: 	 Management           	 Security Management                                                     	 One Adesso: 	 Service & Security Management
LoB Ins: 	 Management           	 Security Management                                                     	 One Adesso: 	 Prozess Management       
LoB Ins: 	 Management           	 Security Management                                                     	 One Adesso: 	 Innovation Management    
LoB Ins: 	 Management           	 Security Management                                                     	 One Adesso: 	 Application Management   
LoB Ins: 	 Management           	 Security Management                                                     	 One Adesso: 	 Hosting & Plattform Management
One Adesso: 	 Security             	 Embedded Security                                                       	 LoB Ins: 	 Security Management      
One Adesso: 	 Digitaler            	 Digitaler Bankarbeitsplatz                                              	 LoB Ins: 	 Digitaler Schadensprozess
One Adesso: 	 Firmenkundenportale  	 Firmenkundenportale                                                     	 LoB Ins: 	 Firmenkundenportale      
One Adesso: 	 Integration          	 Integration Layer & Bank-APIs                                           	 LoB Ins: 	 Business Integration     
One Adesso: 	 Entwicklung          	 Konzeption & Entwicklung von Medizintechnik Software & Apps             	 LoB Ins: 	 Das Beste für alle mobilen Welten - App-Entwicklung für unterschiedliche Plattformen
One Adesso: 	 Entwicklung          	 Konzeption & Entwicklung von Medizintechnik Software & Apps             	 LoB Ins: 	 Entwicklung einen Raum geben - Software-Projekte im Interaction Room
One Adesso: 	 Software             	 Konzeption & Entwicklung von Medizintechnik Software & Apps             	 LoB Ins: 	 DevOps: Softwareentwicklung und IT-Betrieb gehören zusammen
One Adesso: 	 Software             	 Konzeption & Entwicklung von Medizintechnik Software & Apps             	 LoB Ins: 	 Entwicklung einen Raum geben - Software-Projekte im Interaction Room
One Adesso: 	 Mobile               	 Mobile Apps for Health                                                  	 LoB Ins: 	 Mobile Testing           
One Adesso: 	 Mobile               	 Mobile Apps for Health                                                  	 LoB Ins: 	 Mobiler Außendienst-Assistent (Prototyp)
One Adesso: 	 Insurance            	 Insurance                                                               	 LoB Ins: 	 Insurance Distribution Directive
One Adesso: 	 Schaden              	 Schaden-/ Leistungsprozesse                                             	 LoB Ins: 	 Digitaler Schadensprozess
One Adesso: 	 Schaden              	 Schaden-/ Leistungsprozesse                                             	 LoB Ins: 	 Schaden-/ Leistungsmanagement
One Adesso: 	 Schaden              	 Schaden-/ Leistungsprozesse                                             	 LoB Ins: 	 Schadenregulierung       
One Adesso: 	 BiPRO                	 BiPRO                                                                   	 LoB Ins: 	 BiPRO                    
One Adesso: 	 Change               	 Change Management & Veränderungsfähigkeit                               	 LoB Ins: 	 Change Management        
One Adesso: 	 Management           	 Change Management & Veränderungsfähigkeit                               	 LoB Ins: 	 Application Management   
One Adesso: 	 Management           	 Change Management & Veränderungsfähigkeit                               	 LoB Ins: 	 Change Management        
One Adesso: 	 Management           	 Change Management & Veränderungsfähigkeit                               	 LoB Ins: 	 Customer Experience Management
One Adesso: 	 Management           	 Change Management & Veränderungsfähigkeit                               	 LoB Ins: 	 Customer Relationship Management
One Adesso: 	 Management           	 Change Management & Veränderungsfähigkeit                               	 LoB Ins: 	 Digital Identity Management (Authentifizierung, Identifizierung)
One Adesso: 	 Management           	 Change Management & Veränderungsfähigkeit                               	 LoB Ins: 	 Einführungsmanagement (Cutover Management)
One Adesso: 	 Management           	 Change Management & Veränderungsfähigkeit                               	 LoB Ins: 	 in|RELATION Customer Relationship Management
One Adesso: 	 Management           	 Change Management & Veränderungsfähigkeit                               	 LoB Ins: 	 in|RELATION Distributor-Relationship-Management
One Adesso: 	 Management           	 Change Management & Veränderungsfähigkeit                               	 LoB Ins: 	 Omni Channel Management  
One Adesso: 	 Management           	 Change Management & Veränderungsfähigkeit                               	 LoB Ins: 	 Release Management       
One Adesso: 	 Management           	 Change Management & Veränderungsfähigkeit                               	 LoB Ins: 	 Security Management      
One Adesso: 	 Mobile               	 Mobile Apps                                                             	 LoB Ins: 	 Mobile Testing           
One Adesso: 	 Mobile               	 Mobile Apps                                                             	 LoB Ins: 	 Mobiler Außendienst-Assistent (Prototyp)
One Adesso: 	 Product              	 Product tService                                                        	 LoB Ins: 	 Lean Startup (Minimum Viable Product)
One Adesso: 	 Digitaler            	 Digitaler Shopfloor                                                     	 LoB Ins: 	 Digitaler Schadensprozess
One Adesso: 	 Predictive           	 Predictive Maintenance und Field Service                                	 LoB Ins: 	 Predictive Marketing     
One Adesso: 	 Technologie          	 Technologie-/ Datenmigration in der öffentlichen Verwaltung             	 LoB Ins: 	 Backend Technologien     
One Adesso: 	 Technologie          	 Technologie-/ Datenmigration in der öffentlichen Verwaltung             	 LoB Ins: 	 Frontend Technologien    
One Adesso: 	 Customer             	 Customer Data Hub                                                       	 LoB Ins: 	 Customer Journey         
One Adesso: 	 Customer             	 Customer Data Hub                                                       	 LoB Ins: 	 Customer Experience Kampagne
One Adesso: 	 Customer             	 Customer Data Hub                                                       	 LoB Ins: 	 Customer Experience Management
One Adesso: 	 Customer             	 Customer Data Hub                                                       	 LoB Ins: 	 Customer Relationship Management
One Adesso: 	 Customer             	 Customer Data Hub                                                       	 LoB Ins: 	 in|RELATION Customer Relationship Management
One Adesso: 	 Data                 	 Customer Data Hub                                                       	 LoB Ins: 	 Data Science / Künstliche Intelligenz
One Adesso: 	 Data                 	 Customer Data Hub                                                       	 LoB Ins: 	 Informationsmanagement im Zeichen von Big Data
One Adesso: 	 Portale              	 Portale für eine einzigartige CEX                                       	 LoB Ins: 	 Portale zur Übermittlung und Bearbeitung von Angeboten
One Adesso: 	 eine                 	 Portale für eine einzigartige CEX                                       	 LoB Ins: 	 Entwicklung einen Raum geben - Software-Projekte im Interaction Room
One Adesso: 	 Mobile               	 Mobile Ticketing                                                        	 LoB Ins: 	 Mobile Testing           
One Adesso: 	 Mobile               	 Mobile Ticketing                                                        	 LoB Ins: 	 Mobiler Außendienst-Assistent (Prototyp)
One Adesso: 	 Beratung             	 CRM Beratung und Implementierung                                        	 LoB Ins: 	 Digitale Beratungs- und Verkaufsprozesse
One Adesso: 	 Marketing            	 Marketing                                                               	 LoB Ins: 	 Predictive Marketing     
One Adesso: 	 Portale              	 Websites & Portale                                                      	 LoB Ins: 	 Portale zur Übermittlung und Bearbeitung von Angeboten
One Adesso: 	 Kreation             	 Kreation & Design                                                       	 LoB Ins: 	 Grafik/ Design/ Kreation 
One Adesso: 	 Design               	 Kreation & Design                                                       	 LoB Ins: 	 Grafik/ Design/ Kreation 
One Adesso: 	 Design               	 Kreation & Design                                                       	 LoB Ins: 	 Design for Operation     
One Adesso: 	 Design               	 Kreation & Design                                                       	 LoB Ins: 	 Design Thinking          
One Adesso: 	 Design               	 Kreation & Design                                                       	 LoB Ins: 	 Digital Design           
One Adesso: 	 Marketing            	 Online Marketing                                                        	 LoB Ins: 	 Predictive Marketing     
One Adesso: 	 Marketing            	 Marketing Automation                                                    	 LoB Ins: 	 Predictive Marketing     
One Adesso: 	 Automation           	 Marketing Automation                                                    	 LoB Ins: 	 Robotic Process Automation
One Adesso: 	 Customer             	 Customer Data Hub/Customer Data Platform                                	 LoB Ins: 	 Customer Journey         
One Adesso: 	 Customer             	 Customer Data Hub/Customer Data Platform                                	 LoB Ins: 	 Customer Experience Kampagne
One Adesso: 	 Customer             	 Customer Data Hub/Customer Data Platform                                	 LoB Ins: 	 Customer Experience Management
One Adesso: 	 Customer             	 Customer Data Hub/Customer Data Platform                                	 LoB Ins: 	 Customer Relationship Management
One Adesso: 	 Customer             	 Customer Data Hub/Customer Data Platform                                	 LoB Ins: 	 in|RELATION Customer Relationship Management
One Adesso: 	 Data                 	 Customer Data Hub/Customer Data Platform                                	 LoB Ins: 	 Data Science / Künstliche Intelligenz
One Adesso: 	 Data                 	 Customer Data Hub/Customer Data Platform                                	 LoB Ins: 	 Informationsmanagement im Zeichen von Big Data
One Adesso: 	 Data                 	 Customer Data Hub/Customer Data Platform                                	 LoB Ins: 	 Data Science / Künstliche Intelligenz
One Adesso: 	 Data                 	 Customer Data Hub/Customer Data Platform                                	 LoB Ins: 	 Informationsmanagement im Zeichen von Big Data
One Adesso: 	 Hosting              	 Hosting & Application Management                                        	 LoB Ins: 	 IT-Betrieb und -Hosting  
One Adesso: 	 Application          	 Hosting & Application Management                                        	 LoB Ins: 	 Application Management   
One Adesso: 	 Management           	 Hosting & Application Management                                        	 LoB Ins: 	 Application Management   
One Adesso: 	 Management           	 Hosting & Application Management                                        	 LoB Ins: 	 Change Management        
One Adesso: 	 Management           	 Hosting & Application Management                                        	 LoB Ins: 	 Customer Experience Management
One Adesso: 	 Management           	 Hosting & Application Management                                        	 LoB Ins: 	 Customer Relationship Management
One Adesso: 	 Management           	 Hosting & Application Management                                        	 LoB Ins: 	 Digital Identity Management (Authentifizierung, Identifizierung)
One Adesso: 	 Management           	 Hosting & Application Management                                        	 LoB Ins: 	 Einführungsmanagement (Cutover Management)
One Adesso: 	 Management           	 Hosting & Application Management                                        	 LoB Ins: 	 in|RELATION Customer Relationship Management
One Adesso: 	 Management           	 Hosting & Application Management                                        	 LoB Ins: 	 in|RELATION Distributor-Relationship-Management
One Adesso: 	 Management           	 Hosting & Application Management                                        	 LoB Ins: 	 Omni Channel Management  
One Adesso: 	 Management           	 Hosting & Application Management                                        	 LoB Ins: 	 Release Management       
One Adesso: 	 Management           	 Hosting & Application Management                                        	 LoB Ins: 	 Security Management      
One Adesso: 	 IT                   	 IT Transformation & Agilisierung der Organisation                       	 LoB Ins: 	 DevOps: Softwareentwicklung und IT-Betrieb gehören zusammen
One Adesso: 	 IT                   	 IT Transformation & Agilisierung der Organisation                       	 LoB Ins: 	 Flexibel reagieren - Elastische IT-Infrastrukturen etablieren
One Adesso: 	 IT                   	 IT Transformation & Agilisierung der Organisation                       	 LoB Ins: 	 IT Assessment            
One Adesso: 	 IT                   	 IT Transformation & Agilisierung der Organisation                       	 LoB Ins: 	 IT muss neue gedacht werden - New School of IT
One Adesso: 	 IT                   	 IT Transformation & Agilisierung der Organisation                       	 LoB Ins: 	 IT-Architekturmanagement 
One Adesso: 	 IT                   	 IT Transformation & Agilisierung der Organisation                       	 LoB Ins: 	 IT-Betrieb und -Hosting  
One Adesso: 	 IT                   	 IT Transformation & Agilisierung der Organisation                       	 LoB Ins: 	 ITIL                     
One Adesso: 	 IT                   	 IT Transformation & Agilisierung der Organisation                       	 LoB Ins: 	 IT-Providermanagement    
One Adesso: 	 IT                   	 IT Transformation & Agilisierung der Organisation                       	 LoB Ins: 	 Pragmatisches IT Projektmanagement
One Adesso: 	 Transformation       	 IT Transformation & Agilisierung der Organisation                       	 LoB Ins: 	 Business Transformation  
One Adesso: 	 Security             	 Service & Security Management                                           	 LoB Ins: 	 Security Management      
One Adesso: 	 Management           	 Service & Security Management                                           	 LoB Ins: 	 Application Management   
One Adesso: 	 Management           	 Service & Security Management                                           	 LoB Ins: 	 Change Management        
One Adesso: 	 Management           	 Service & Security Management                                           	 LoB Ins: 	 Customer Experience Management
One Adesso: 	 Management           	 Service & Security Management                                           	 LoB Ins: 	 Customer Relationship Management
One Adesso: 	 Management           	 Service & Security Management                                           	 LoB Ins: 	 Digital Identity Management (Authentifizierung, Identifizierung)
One Adesso: 	 Management           	 Service & Security Management                                           	 LoB Ins: 	 Einführungsmanagement (Cutover Management)
One Adesso: 	 Management           	 Service & Security Management                                           	 LoB Ins: 	 in|RELATION Customer Relationship Management
One Adesso: 	 Management           	 Service & Security Management                                           	 LoB Ins: 	 in|RELATION Distributor-Relationship-Management
One Adesso: 	 Management           	 Service & Security Management                                           	 LoB Ins: 	 Omni Channel Management  
One Adesso: 	 Management           	 Service & Security Management                                           	 LoB Ins: 	 Release Management       
One Adesso: 	 Management           	 Service & Security Management                                           	 LoB Ins: 	 Security Management      
One Adesso: 	 Digitalisierung      	 E2E Digitalisierung Vertrieb/Service/Marketing                          	 LoB Ins: 	 Digitalisierung Bankenkooperation
One Adesso: 	 Business             	 Business Consulting                                                     	 LoB Ins: 	 Agiles Business Development
One Adesso: 	 Business             	 Business Consulting                                                     	 LoB Ins: 	 Business Integration     
One Adesso: 	 Business             	 Business Consulting                                                     	 LoB Ins: 	 Business Intelligence and Analytics
One Adesso: 	 Business             	 Business Consulting                                                     	 LoB Ins: 	 Business Transformation  
One Adesso: 	 Prozess              	 Prozess Management                                                      	 LoB Ins: 	 Prozess Automatisierung  
One Adesso: 	 Prozess              	 Prozess Management                                                      	 LoB Ins: 	 Prozessoptimierung Underwriting
One Adesso: 	 Management           	 Prozess Management                                                      	 LoB Ins: 	 Application Management   
One Adesso: 	 Management           	 Prozess Management                                                      	 LoB Ins: 	 Change Management        
One Adesso: 	 Management           	 Prozess Management                                                      	 LoB Ins: 	 Customer Experience Management
One Adesso: 	 Management           	 Prozess Management                                                      	 LoB Ins: 	 Customer Relationship Management
One Adesso: 	 Management           	 Prozess Management                                                      	 LoB Ins: 	 Digital Identity Management (Authentifizierung, Identifizierung)
One Adesso: 	 Management           	 Prozess Management                                                      	 LoB Ins: 	 Einführungsmanagement (Cutover Management)
One Adesso: 	 Management           	 Prozess Management                                                      	 LoB Ins: 	 in|RELATION Customer Relationship Management
One Adesso: 	 Management           	 Prozess Management                                                      	 LoB Ins: 	 in|RELATION Distributor-Relationship-Management
One Adesso: 	 Management           	 Prozess Management                                                      	 LoB Ins: 	 Omni Channel Management  
One Adesso: 	 Management           	 Prozess Management                                                      	 LoB Ins: 	 Release Management       
One Adesso: 	 Management           	 Prozess Management                                                      	 LoB Ins: 	 Security Management      
One Adesso: 	 Digital              	 Digital Transformation                                                  	 LoB Ins: 	 Digital Design           
One Adesso: 	 Digital              	 Digital Transformation                                                  	 LoB Ins: 	 Digital Identity Management (Authentifizierung, Identifizierung)
One Adesso: 	 Digital              	 Digital Transformation                                                  	 LoB Ins: 	 Digital Mastery (Digital Readiness Check)
One Adesso: 	 Digital              	 Digital Transformation                                                  	 LoB Ins: 	 Digitale Beratungs- und Verkaufsprozesse
One Adesso: 	 Digital              	 Digital Transformation                                                  	 LoB Ins: 	 Digitale Firmenkundenschnittstelle
One Adesso: 	 Digital              	 Digital Transformation                                                  	 LoB Ins: 	 Digitale Kundenschnittstelle
One Adesso: 	 Digital              	 Digital Transformation                                                  	 LoB Ins: 	 Digitale Signatur        
One Adesso: 	 Digital              	 Digital Transformation                                                  	 LoB Ins: 	 Digitaler Schadensprozess
One Adesso: 	 Digital              	 Digital Transformation                                                  	 LoB Ins: 	 Digitalisierung Bankenkooperation
One Adesso: 	 Transformation       	 Digital Transformation                                                  	 LoB Ins: 	 Business Transformation  
One Adesso: 	 Agile                	 Agile                                                                   	 LoB Ins: 	 Agile Onboarding         
One Adesso: 	 Agile                	 Agile                                                                   	 LoB Ins: 	 Agile Portfolio          
One Adesso: 	 Agile                	 Agile                                                                   	 LoB Ins: 	 Agiles Business Development
One Adesso: 	 Agile                	 Agile                                                                   	 LoB Ins: 	 Agiles Projektmanagement 
One Adesso: 	 Management           	 Innovation Management                                                   	 LoB Ins: 	 Application Management   
One Adesso: 	 Management           	 Innovation Management                                                   	 LoB Ins: 	 Change Management        
One Adesso: 	 Management           	 Innovation Management                                                   	 LoB Ins: 	 Customer Experience Management
One Adesso: 	 Management           	 Innovation Management                                                   	 LoB Ins: 	 Customer Relationship Management
One Adesso: 	 Management           	 Innovation Management                                                   	 LoB Ins: 	 Digital Identity Management (Authentifizierung, Identifizierung)
One Adesso: 	 Management           	 Innovation Management                                                   	 LoB Ins: 	 Einführungsmanagement (Cutover Management)
One Adesso: 	 Management           	 Innovation Management                                                   	 LoB Ins: 	 in|RELATION Customer Relationship Management
One Adesso: 	 Management           	 Innovation Management                                                   	 LoB Ins: 	 in|RELATION Distributor-Relationship-Management
One Adesso: 	 Management           	 Innovation Management                                                   	 LoB Ins: 	 Omni Channel Management  
One Adesso: 	 Management           	 Innovation Management                                                   	 LoB Ins: 	 Release Management       
One Adesso: 	 Management           	 Innovation Management                                                   	 LoB Ins: 	 Security Management      
One Adesso: 	 IT                   	 IT Strategy & Enterprise Architecture Consulting                        	 LoB Ins: 	 DevOps: Softwareentwicklung und IT-Betrieb gehören zusammen
One Adesso: 	 IT                   	 IT Strategy & Enterprise Architecture Consulting                        	 LoB Ins: 	 Flexibel reagieren - Elastische IT-Infrastrukturen etablieren
One Adesso: 	 IT                   	 IT Strategy & Enterprise Architecture Consulting                        	 LoB Ins: 	 IT Assessment            
One Adesso: 	 IT                   	 IT Strategy & Enterprise Architecture Consulting                        	 LoB Ins: 	 IT muss neue gedacht werden - New School of IT
One Adesso: 	 IT                   	 IT Strategy & Enterprise Architecture Consulting                        	 LoB Ins: 	 IT-Architekturmanagement 
One Adesso: 	 IT                   	 IT Strategy & Enterprise Architecture Consulting                        	 LoB Ins: 	 IT-Betrieb und -Hosting  
One Adesso: 	 IT                   	 IT Strategy & Enterprise Architecture Consulting                        	 LoB Ins: 	 ITIL                     
One Adesso: 	 IT                   	 IT Strategy & Enterprise Architecture Consulting                        	 LoB Ins: 	 IT-Providermanagement    
One Adesso: 	 IT                   	 IT Strategy & Enterprise Architecture Consulting                        	 LoB Ins: 	 Pragmatisches IT Projektmanagement
One Adesso: 	 Design               	 Design Thinking                                                         	 LoB Ins: 	 Grafik/ Design/ Kreation 
One Adesso: 	 Design               	 Design Thinking                                                         	 LoB Ins: 	 Design for Operation     
One Adesso: 	 Design               	 Design Thinking                                                         	 LoB Ins: 	 Design Thinking          
One Adesso: 	 Design               	 Design Thinking                                                         	 LoB Ins: 	 Digital Design           
One Adesso: 	 Thinking             	 Design Thinking                                                         	 LoB Ins: 	 Design Thinking          
One Adesso: 	 Interaction          	 Interaction Room (IR)                                                   	 LoB Ins: 	 Entwicklung einen Raum geben - Software-Projekte im Interaction Room
One Adesso: 	 Interaction          	 Interaction Room (IR)                                                   	 LoB Ins: 	 Interaction Room         
One Adesso: 	 Room                 	 Interaction Room (IR)                                                   	 LoB Ins: 	 Entwicklung einen Raum geben - Software-Projekte im Interaction Room
One Adesso: 	 Room                 	 Interaction Room (IR)                                                   	 LoB Ins: 	 Interaction Room         
One Adesso: 	 Software             	 Software Engineering                                                    	 LoB Ins: 	 DevOps: Softwareentwicklung und IT-Betrieb gehören zusammen
One Adesso: 	 Software             	 Software Engineering                                                    	 LoB Ins: 	 Entwicklung einen Raum geben - Software-Projekte im Interaction Room
One Adesso: 	 Engineering          	 Software Engineering                                                    	 LoB Ins: 	 Requirements-Engineering 
One Adesso: 	 Application          	 Application Management                                                  	 LoB Ins: 	 Application Management   
One Adesso: 	 Management           	 Application Management                                                  	 LoB Ins: 	 Application Management   
One Adesso: 	 Management           	 Application Management                                                  	 LoB Ins: 	 Change Management        
One Adesso: 	 Management           	 Application Management                                                  	 LoB Ins: 	 Customer Experience Management
One Adesso: 	 Management           	 Application Management                                                  	 LoB Ins: 	 Customer Relationship Management
One Adesso: 	 Management           	 Application Management                                                  	 LoB Ins: 	 Digital Identity Management (Authentifizierung, Identifizierung)
One Adesso: 	 Management           	 Application Management                                                  	 LoB Ins: 	 Einführungsmanagement (Cutover Management)
One Adesso: 	 Management           	 Application Management                                                  	 LoB Ins: 	 in|RELATION Customer Relationship Management
One Adesso: 	 Management           	 Application Management                                                  	 LoB Ins: 	 in|RELATION Distributor-Relationship-Management
One Adesso: 	 Management           	 Application Management                                                  	 LoB Ins: 	 Omni Channel Management  
One Adesso: 	 Management           	 Application Management                                                  	 LoB Ins: 	 Release Management       
One Adesso: 	 Management           	 Application Management                                                  	 LoB Ins: 	 Security Management      
One Adesso: 	 Hosting              	 Hosting & Plattform Management                                          	 LoB Ins: 	 IT-Betrieb und -Hosting  
One Adesso: 	 Plattform            	 Hosting & Plattform Management                                          	 LoB Ins: 	 com2m IoT Plattform      
One Adesso: 	 Plattform            	 Hosting & Plattform Management                                          	 LoB Ins: 	 Das Beste für alle mobilen Welten - App-Entwicklung für unterschiedliche Plattformen
One Adesso: 	 Management           	 Hosting & Plattform Management                                          	 LoB Ins: 	 Application Management   
One Adesso: 	 Management           	 Hosting & Plattform Management                                          	 LoB Ins: 	 Change Management        
One Adesso: 	 Management           	 Hosting & Plattform Management                                          	 LoB Ins: 	 Customer Experience Management
One Adesso: 	 Management           	 Hosting & Plattform Management                                          	 LoB Ins: 	 Customer Relationship Management
One Adesso: 	 Management           	 Hosting & Plattform Management                                          	 LoB Ins: 	 Digital Identity Management (Authentifizierung, Identifizierung)
One Adesso: 	 Management           	 Hosting & Plattform Management                                          	 LoB Ins: 	 Einführungsmanagement (Cutover Management)
One Adesso: 	 Management           	 Hosting & Plattform Management                                          	 LoB Ins: 	 in|RELATION Customer Relationship Management
One Adesso: 	 Management           	 Hosting & Plattform Management                                          	 LoB Ins: 	 in|RELATION Distributor-Relationship-Management
One Adesso: 	 Management           	 Hosting & Plattform Management                                          	 LoB Ins: 	 Omni Channel Management  
One Adesso: 	 Management           	 Hosting & Plattform Management                                          	 LoB Ins: 	 Release Management       
One Adesso: 	 Management           	 Hosting & Plattform Management                                          	 LoB Ins: 	 Security Management      
One Adesso: 	 DevOps               	 DevOps                                                                  	 LoB Ins: 	 DevOps                   
One Adesso: 	 DevOps               	 DevOps                                                                  	 LoB Ins: 	 DevOps: Softwareentwicklung und IT-Betrieb gehören zusammen
One Adesso: 	 IT                   	 IT Consulting & Software Architecture                                   	 LoB Ins: 	 DevOps: Softwareentwicklung und IT-Betrieb gehören zusammen
One Adesso: 	 IT                   	 IT Consulting & Software Architecture                                   	 LoB Ins: 	 Flexibel reagieren - Elastische IT-Infrastrukturen etablieren
One Adesso: 	 IT                   	 IT Consulting & Software Architecture                                   	 LoB Ins: 	 IT Assessment            
One Adesso: 	 IT                   	 IT Consulting & Software Architecture                                   	 LoB Ins: 	 IT muss neue gedacht werden - New School of IT
One Adesso: 	 IT                   	 IT Consulting & Software Architecture                                   	 LoB Ins: 	 IT-Architekturmanagement 
One Adesso: 	 IT                   	 IT Consulting & Software Architecture                                   	 LoB Ins: 	 IT-Betrieb und -Hosting  
One Adesso: 	 IT                   	 IT Consulting & Software Architecture                                   	 LoB Ins: 	 ITIL                     
One Adesso: 	 IT                   	 IT Consulting & Software Architecture                                   	 LoB Ins: 	 IT-Providermanagement    
One Adesso: 	 IT                   	 IT Consulting & Software Architecture                                   	 LoB Ins: 	 Pragmatisches IT Projektmanagement
One Adesso: 	 Software             	 IT Consulting & Software Architecture                                   	 LoB Ins: 	 DevOps: Softwareentwicklung und IT-Betrieb gehören zusammen
One Adesso: 	 Software             	 IT Consulting & Software Architecture                                   	 LoB Ins: 	 Entwicklung einen Raum geben - Software-Projekte im Interaction Room
One Adesso: 	 Projektmanagement    	 Projektmanagement                                                       	 LoB Ins: 	 Agiles Projektmanagement 
One Adesso: 	 Projektmanagement    	 Projektmanagement                                                       	 LoB Ins: 	 Pragmatisches IT Projektmanagement
One Adesso: 	 Projektmanagement    	 Projektmanagement                                                       	 LoB Ins: 	 Projektmanagement-Office (PMO)
One Adesso: 	 Requirements         	 Requirements Engineering & Design                                       	 LoB Ins: 	 Requirements-Engineering 
One Adesso: 	 Engineering          	 Requirements Engineering & Design                                       	 LoB Ins: 	 Requirements-Engineering 
One Adesso: 	 Design               	 Requirements Engineering & Design                                       	 LoB Ins: 	 Grafik/ Design/ Kreation 
One Adesso: 	 Design               	 Requirements Engineering & Design                                       	 LoB Ins: 	 Design for Operation     
One Adesso: 	 Design               	 Requirements Engineering & Design                                       	 LoB Ins: 	 Design Thinking          
One Adesso: 	 Design               	 Requirements Engineering & Design                                       	 LoB Ins: 	 Digital Design           
One Adesso: 	 Java                 	 Java                                                                    	 LoB Ins: 	 Java                     
One Adesso: 	 Microsoft            	 Microsoft                                                               	 LoB Ins: 	 Microsoft.net            
One Adesso: 	 Business             	 Business Productivity                                                   	 LoB Ins: 	 Agiles Business Development
One Adesso: 	 Business             	 Business Productivity                                                   	 LoB Ins: 	 Business Integration     
One Adesso: 	 Business             	 Business Productivity                                                   	 LoB Ins: 	 Business Intelligence and Analytics
One Adesso: 	 Business             	 Business Productivity                                                   	 LoB Ins: 	 Business Transformation  
One Adesso: 	 Cloud                	 Cloud (Azure)                                                           	 LoB Ins: 	 Cloud/ Cloudmanagement   
One Adesso: 	 Analytics            	 SAP BW/4HANA (Analytics)                                                	 LoB Ins: 	 Business Intelligence and Analytics
One Adesso: 	 Custom               	 SAP Custom Development & Integration                                    	 LoB Ins: 	 Customer Journey         
One Adesso: 	 Custom               	 SAP Custom Development & Integration                                    	 LoB Ins: 	 Customer Experience Kampagne
One Adesso: 	 Custom               	 SAP Custom Development & Integration                                    	 LoB Ins: 	 Customer Experience Management
One Adesso: 	 Custom               	 SAP Custom Development & Integration                                    	 LoB Ins: 	 Customer Relationship Management
One Adesso: 	 Custom               	 SAP Custom Development & Integration                                    	 LoB Ins: 	 in|RELATION Customer Relationship Management
One Adesso: 	 Development          	 SAP Custom Development & Integration                                    	 LoB Ins: 	 Agiles Business Development
One Adesso: 	 Integration          	 SAP Custom Development & Integration                                    	 LoB Ins: 	 Business Integration     
One Adesso: 	 Customer             	 SAP Customer Experience                                                 	 LoB Ins: 	 Customer Journey         
One Adesso: 	 Customer             	 SAP Customer Experience                                                 	 LoB Ins: 	 Customer Experience Kampagne
One Adesso: 	 Customer             	 SAP Customer Experience                                                 	 LoB Ins: 	 Customer Experience Management
One Adesso: 	 Customer             	 SAP Customer Experience                                                 	 LoB Ins: 	 Customer Relationship Management
One Adesso: 	 Customer             	 SAP Customer Experience                                                 	 LoB Ins: 	 in|RELATION Customer Relationship Management
One Adesso: 	 Experience           	 SAP Customer Experience                                                 	 LoB Ins: 	 Customer Experience Kampagne
One Adesso: 	 Experience           	 SAP Customer Experience                                                 	 LoB Ins: 	 Customer Experience Management
One Adesso: 	 Entwicklung          	 SAP S/4HANA (Modulberatung & Entwicklung)                               	 LoB Ins: 	 Das Beste für alle mobilen Welten - App-Entwicklung für unterschiedliche Plattformen
One Adesso: 	 Entwicklung          	 SAP S/4HANA (Modulberatung & Entwicklung)                               	 LoB Ins: 	 Entwicklung einen Raum geben - Software-Projekte im Interaction Room
One Adesso: 	 Data                 	 Data Science & ML                                                       	 LoB Ins: 	 Data Science / Künstliche Intelligenz
One Adesso: 	 Data                 	 Data Science & ML                                                       	 LoB Ins: 	 Informationsmanagement im Zeichen von Big Data
One Adesso: 	 Science              	 Data Science & ML                                                       	 LoB Ins: 	 Data Science / Künstliche Intelligenz
One Adesso: 	 Cloud                	 Cloud                                                                   	 LoB Ins: 	 Cloud/ Cloudmanagement   
One Adesso: 	 Data                 	 Data & Analytics                                                        	 LoB Ins: 	 Data Science / Künstliche Intelligenz
One Adesso: 	 Data                 	 Data & Analytics                                                        	 LoB Ins: 	 Informationsmanagement im Zeichen von Big Data
One Adesso: 	 Analytics            	 Data & Analytics                                                        	 LoB Ins: 	 Business Intelligence and Analytics
One Adesso: 	 Data                 	 Data & Analytics Platform                                               	 LoB Ins: 	 Data Science / Künstliche Intelligenz
One Adesso: 	 Data                 	 Data & Analytics Platform                                               	 LoB Ins: 	 Informationsmanagement im Zeichen von Big Data
One Adesso: 	 Analytics            	 Data & Analytics Platform                                               	 LoB Ins: 	 Business Intelligence and Analytics
One Adesso: 	 Analytics            	 Self Service Analytics and BI                                           	 LoB Ins: 	 Business Intelligence and Analytics
One Adesso: 	 Big                  	 Big Data                                                                	 LoB Ins: 	 Informationsmanagement im Zeichen von Big Data
One Adesso: 	 Data                 	 Big Data                                                                	 LoB Ins: 	 Data Science / Künstliche Intelligenz
One Adesso: 	 Data                 	 Big Data                                                                	 LoB Ins: 	 Informationsmanagement im Zeichen von Big Data
One Adesso: 	 IoT                  	 Beratungsleistung IoT                                                   	 LoB Ins: 	 com2m IoT Plattform      
One Adesso: 	 Blockchain           	 Blockchain                                                              	 LoB Ins: 	 Blockchain               
One Adesso: 	 in|sure              	 in|sure                                                                 	 LoB Ins: 	 in|sure                  
One Adesso: 	 MIGSuite             	 MIGSuite                                                                	 LoB Ins: 	 MIGSuite                 
One Adesso: 	 com2m                	 com2m IoT-Platform                                                      	 LoB Ins: 	 com2m IoT Plattform      
One Adesso: 	 PRO                  	 KVAI PRO                                                                	 LoB Ins: 	 BiPRO                    
One Adesso: 	 PBM                  	 PBM - Personal Business Machine                                         	 LoB Ins: 	 PBM                      
One Adesso: 	 Business             	 PBM - Personal Business Machine                                         	 LoB Ins: 	 Agiles Business Development
One Adesso: 	 Business             	 PBM - Personal Business Machine                                         	 LoB Ins: 	 Business Integration     
One Adesso: 	 Business             	 PBM - Personal Business Machine                                         	 LoB Ins: 	 Business Intelligence and Analytics
One Adesso: 	 Business             	 PBM - Personal Business Machine                                         	 LoB Ins: 	 Business Transformation  
One Adesso: 	 Machine              	 PBM - Personal Business Machine                                         	 LoB Ins: 	 Machine / Deep-Learning  
